73,A
451,G
593,G
883,G
1011,G
1113,C
1834,G
2251,C
4423,G
4513,G
4972,G
5066,T
5869,T
6476,G
6736,C
6864,C
6986,C
7589,C
7614,C
7686,C
8237,C
8402,G
8453,C
8517,C
8628,G
9006,G
9381,G
9508,G
9869,T
10248,G
10505,C
10660,G
10947,C
11651,C
12046,C
12168,C
12484,0
12492,C
12499,G
12632,G
12709,A
12748,C
12924,C
12975,A
13017,C
13343,C
13392,A
13412,T
13482,G
13587,G
13808,G
13907,C
13908,C
13916,C
13937,G
13945,C
13953,T
13972,C
13994,C
14313,T
14432,T
14477,T
14554,C
14574,C
14602,G
14676,C
14773,G
15282,A
15416,G
15439,G
15658,G
15672,G
15809,G
15970,G
15985,G
16320,C
16559,A
16736,C
16900,C
17116,C
17173,G
17278,G
17427,G
17895,G
17935,T
18026,C
18439,G
18544,G
18915,C
18929,G
19071,G
19452,G
19469,G
19659,G
19848,G
19909,T
20060,G
20621,G
20910,G
21139,G
21266,G
21959,G
22061,G
22151,G
22488,G
22719,G
22909,G
23040,G
23299,G
23381,G
23700,G
24864,G
24901,C
25118,C
25414,C
26545,G
27143,A
27730,G
27937,G
28397,C
28689,C
29055,G
29107,G
29460,C
29508,C
29563,C
29637,C
30699,G
30886,G
30911,G
31044,G
31049,G
31839,G
35507,A
38081,G
38202,C
38769,G
40443,G
40503,C
40626,C
42450,C
43827,C
44180,T
44770,G
44832,G
45216,C
45472,G
45791,T
46096,A
46129,C
46416,G
47405,C
48196,G
48229,C
48235,G
48680,G
48732,C
51988,C
52200,0
52851,C
53300,C
53995,G
55736,G
56421,C
57633,T
58052,C
58631,C
58756,G
59871,G
60096,T
60699,G
60863,C
61244,C
61425,G
61530,T
61710,G
61735,C
62401,T
62545,G
64579,C
65867,T
66394,C
66768,C
69328,G
71773,0
72135,C
73703,C
74423,0
75416,C
76343,C
77387,C
77864,C
80693,C
84592,C
85842,C
86753,G
86867,G
87647,G
87828,C
88108,0
88468,C
90345,C
92561,C
93554,A
93555,C
93969,G
94052,A
94610,C
97110,G
98881,C
99564,G
99842,C
100574,A
102701,C
103608,G
104584,G
104592,G
105240,0
105750,C
106792,G
107861,A
108819,G
109458,C
109783,0
110180,C
112265,C
112800,G
115436,C
115521,G
115674,G
115979,C
116225,C
118588,G
119227,C
120632,C
121761,G
122793,C
125018,C
127309,C
127726,G
129046,T
132582,G
134174,G
134307,G
134941,G
135831,0
138007,A
138429,G
138838,G
139299,C
142265,C
142746,G
142915,G
143421,0
143526,C
146619,C
146965,C
148625,G
151869,0
151958,G
152342,C
152772,C
154593,C
156054,C
156641,A
156948,C
157316,A
157960,C
160033,C
161398,C
161749,C
163172,C
163438,C
164770,G
165853,C
169215,C
169356,C
170504,G
171625,G
177117,G
177506,A
178960,C
179289,C
180750,G
181217,C
182140,T
183139,C
183422,C
189355,G
190181,G
191863,C
192862,C
193848,C
193963,G
194328,C
195729,G
196421,C
198100,G
199244,C
200961,C
201294,A
201879,G
202440,0
203057,G
208707,C
210429,C
213347,C
213387,T
213601,A
215690,G
216170,T
217051,G
219331,A
219873,A
221662,C
222056,G
223657,C
225249,G
225796,C
226896,T
227077,A
227221,C
227730,G
227930,G
227998,C
228261,C
228773,T
229072,0
229634,G
229635,G
229637,G
230575,G
233483,G
236447,C
237036,G
237902,G
239494,C
240490,C
241067,0
242535,G
243814,C
245137,T
245677,C
246415,G
248079,2
248743,C
249655,C
250350,G
252460,G
252571,A
253200,C
253483,G
253623,C
254429,G
254545,A
255756,0
256688,C
256915,G
257492,C
258100,G
261744,C
262178,G
263398,G
263815,C
263835,0
263836,G
264155,C
264501,C
264623,G
266161,C
267448,C
268619,A
269403,C
270296,G
270682,T
271305,G
272679,C
274727,G
274736,C
276794,G
277449,G
282050,0
283276,G
285805,G
286608,C
287929,C
289455,G
289884,G
290076,C
290138,G
290207,0
293012,C
295931,0
296853,T
296854,C
296859,C
297128,A
298572,G
299152,0
302347,C
304830,A
305310,G
305585,G
305586,G
305588,C
305597,G
305609,C
305992,G
306118,A
306119,C
306122,A
306125,C
306128,A
307377,G
307597,T
309516,A
310895,C
310911,A
312049,C
313361,G
314458,G
315317,G
315640,G
317057,G
319324,C
322728,G
323364,T
328284,G
328289,C
328604,G
328634,G
329782,G
330125,G
331723,G
332839,G
334180,G
336032,C
336266,T
336846,0
337140,G
337803,C
337824,G
337889,C
338245,C
338722,A
339250,C
339462,0
339486,C
340805,T
341935,C
342063,G
344782,C
345033,C
346013,G
346085,0
347278,A
347280,G
347385,C
347830,G
348055,G
349703,C
349982,C
351592,C
351940,C
353643,G
357398,T
359712,A
360448,0
360572,C
360757,C
361077,G
361545,C
363480,G
364243,C
364923,G
364924,C
364961,G
365117,A
365373,T
365411,A
365435,G
365857,C
366359,C
367549,A
371889,T
373602,C
376632,A
377137,C
379804,C
380062,C
382768,G
383599,G
383707,A
385342,G
385598,C
386458,C
391081,C
393043,G
393308,G
395230,0
396816,G
397132,C
397572,T
397812,A
399848,C
400762,0
401177,G
401572,C
402177,G
402525,T
402795,G
403243,0
403500,0
404224,G
405173,G
405245,A
407094,C
408349,0
408726,T
408898,G
409261,G
410145,0
410510,G
413127,C
413668,C
413902,G
415248,C
416972,C
417000,G
417149,C
417697,T
417955,C
419857,G
421565,C
422850,G
423024,G
424382,A
424386,C
424415,T
424489,C
425077,C
427570,0
428724,C
429770,T
429789,C
430057,C
430198,T
430329,G
430576,A
431225,C
432335,T
433003,G
434161,G
434676,A
434899,A
434910,C
436217,T
439405,C
440223,G
440586,G
440939,A
442983,C
444912,C
445012,0
445555,0
445556,T
445671,A
447641,A
448789,G
452406,G
455009,A
456738,C
459733,G
459887,C
460220,T
462253,T
464279,C
464985,G
465016,C
467512,C
468693,G
469181,C
470445,T
471695,G
471801,C
474428,G
474805,G
477016,A
478713,0
480629,C
481476,G
482616,C
483281,A
485138,C
489941,G
489944,G
490699,C
491083,C
492614,A
494266,G
494564,C
494674,G
495595,G
495765,C
496266,C
496429,G
496587,C
500961,G
502629,G
502630,C
502632,G
502707,G
502886,G
503050,0
503410,G
504115,C
504761,C
506336,A
506775,C
508369,G
508459,G
508481,C
508698,C
508714,G
508715,A
508755,A
508887,G
508890,G
508897,A
508986,G
509007,G
509008,G
509023,T
509030,C
509065,A
509178,G
509265,C
509308,A
509320,C
509325,G
509349,C
509407,C
509409,G
509424,T
509425,C
509560,0
509564,G
509578,G
509587,C
509640,T
509647,T
509662,G
509674,T
509851,G
510492,C
510512,C
511079,A
511128,G
512499,C
512603,G
513760,C
514114,A
514192,0
519400,G
519742,G
520613,C
521826,G
521924,G
524788,C
527115,C
527530,G
527964,A
528451,C
528937,G
529627,C
530196,G
530685,C
531649,C
531961,G
533403,G
534053,C
534530,C
534909,G
535146,C
535525,C
536290,G
536741,G
537125,C
537330,G
537503,G
538710,G
546735,C
548067,C
548537,C
549839,0
551994,G
553273,C
554447,C
555162,C
556973,A
558254,C
562607,C
563796,G
567804,G
567876,A
568144,C
568787,G
568846,C
569287,A
569838,C
571998,C
572105,C
572851,G
573412,G
573967,G
574185,C
574639,G
575204,G
575205,A
575206,C
575207,T
575459,C
575544,G
578668,G
578803,0
579937,G
580231,C
580488,C
580653,A
581128,G
584204,G
584468,G
584605,0
584957,0
585031,C
585169,A
585192,G
585315,C
585562,C
586168,C
586264,0
586552,C
586761,A
587008,G
587039,1
"5,87,494",0
587499,A
587502,A
587505,C
587629,G
587730,0
588160,G
588940,C
591857,C
593138,T
593238,G
594295,C
594977,G
595025,C
595687,G
595774,C
601372,C
601801,C
602866,G
603222,G
603940,G
604177,A
604325,T
608365,G
609293,G
609561,C
611792,C
612421,G
612549,C
614589,0
615544,0
615768,G
616172,G
619726,C
622594,C
623365,C
623641,G
623642,C
623741,C
624129,C
624645,G
625399,C
626515,C
627833,C
628556,C
628667,G
629267,A
630056,C
630185,A
632146,C
632561,G
632664,G
634128,G
634261,G
637185,C
638512,T
639419,G
639580,G
639968,G
640021,0
640591,G
640736,C
640744,0
640766,T
642038,C
642131,C
642509,A
642614,C
642801,0
645008,G
647055,G
649747,C
652259,C
655006,0
655022,C
655527,C
655726,G
657736,C
657961,C
659431,G
659627,A
660318,G
661157,G
661160,C
663280,G
663507,G
663802,C
664102,G
666794,C
667327,C
667800,1
668115,G
668892,0
669636,G
670350,C
670669,C
675018,C
675497,C
675500,C
675535,0
675659,C
676219,C
679833,G
680743,G
683332,G
685044,G
686240,A
688924,G
690054,G
693001,C
693575,C
693988,C
694090,C
699305,G
700950,A
703258,G
703377,C
703548,G
704733,C
705633,0
709938,C
709952,0
710791,G
711197,T
712125,C
712382,C
712659,C
713792,G
714396,C
718321,C
719063,C
719785,C
721495,G
723607,G
726698,C
727090,C
729183,G
729994,C
730349,G
730687,C
733164,G
733811,C
734092,G
734748,G
736572,C
736585,0
737050,0
738158,C
738327,0
738610,G
739050,G
739688,G
739991,T
740453,G
745293,G
745554,G
747356,A
750328,T
750910,G
751190,C
751194,A
751982,T
752055,C
753514,C
754821,C
755861,C
757001,G
758963,G
759398,G
759487,C
760262,A
762189,G
763402,C
763888,C
765782,C
768366,C
770683,G
772795,A
772832,G
774289,C
774704,G
778390,G
779155,A
779168,G
779532,C
779886,A
779904,C
780178,C
780223,A
783166,0
784260,C
784611,C
786800,T
787075,C
787589,C
787922,0
790216,G
790331,C
790446,G
791257,G
791881,C
794050,G
794051,C
795733,0
795766,C
796113,A
797974,C
797977,G
798233,T
798237,G
800082,C
807196,C
807258,C
807613,C
807884,G
809015,T
809458,G
810101,C
810966,C
811418,G
812000,C
812629,C
813567,0
815477,G
815702,G
817228,C
818377,C
819272,A
821967,G
822703,C
824274,C
827799,G
829183,G
829444,G
831215,G
832152,T
832480,C
832562,G
836074,C
836098,G
836100,G
836567,G
836798,G
839901,G
840584,G
840961,G
845064,C
847092,0
848261,G
848291,A
848849,C
849154,0
849679,0
850550,G
853213,C
853292,C
854432,C
855081,G
855414,C
859130,T
863052,G
863532,G
865539,0
865541,C
865864,T
866543,C
866879,0
869066,C
871694,C
873316,G
874923,C
875024,A
877843,G
877852,G
878028,G
878501,C
878615,A
878760,T
879854,G
881107,A
881596,G
881941,C
882481,C
882517,C
886998,T
887627,T
888934,C
888972,T
889482,G
890227,G
890453,G
890726,G
891080,G
891321,G
891446,G
891999,G
892339,G
893652,C
896448,A
902543,C
904824,C
906453,G
909038,G
909176,C
910013,G
910699,G
910896,C
911276,A
913053,C
913205,C
913565,G
919058,G
921523,C
923839,G
924598,G
924951,0
925058,C
925577,A
926751,C
927841,G
928633,C
929055,C
930890,C
931378,C
934281,G
938372,C
938787,T
939377,C
939783,G
942640,C
942756,G
947813,G
949139,C
950200,G
950361,C
951578,G
953582,G
953590,C
954037,C
954663,T
955616,G
956123,G
956143,G
957142,A
958023,C
958115,G
962717,C
963155,A
963156,T
963339,C
964628,C
966690,G
968005,G
968881,G
970688,C
972005,T
973057,C
975832,0
977985,C
978001,T
978006,G
978085,G
978294,0
978343,G
978585,0
978674,0
978737,C
978857,C
982088,0
983924,0
984686,C
985599,C
986851,G
992147,0
992960,G
993377,G
994899,T
996119,A
996757,C
997182,G
997702,C
997947,C
1003995,G
1004152,G
1004509,G
1006694,C
1007919,G
1008104,C
1008155,G
1008847,G
1008959,G
1010172,G
1011769,C
1014905,G
1015758,G
1017407,G
1020171,A
1020193,C
1024451,G
1025142,C
1027044,C
1027337,C
1030811,G
1032522,A
1033386,A
1037678,C
1038669,C
1039576,G
1040884,T
1040904,C
1047102,G
1049362,C
1054139,C
1057086,C
1057103,A
1058290,C
1059469,G
1061926,G
1063852,C
1064570,G
1067080,A
1069087,A
1069840,T
1069954,T
1070051,C
1070762,0
1073596,G
1073641,C
1076949,G
1077190,A
1079551,C
1079902,A
1081267,A
1081456,G
1086140,G
1086337,C
1087165,G
1087397,C
1089199,A
1089560,T
1090700,C
1091716,C
1096632,C
1099959,T
1102899,G
1103021,G
1104232,C
1105763,G
1111331,A
1112362,A
1112481,G
1112670,C
1113923,A
1115046,A
1115654,0
1116205,G
1118502,A
1120609,T
1121776,G
1123066,A
1123570,G
1127700,C
1127748,T
1130267,G
1130274,G
1131554,G
1132070,G
1132949,C
1133492,T
1135030,A
1136146,C
1136166,C
1136635,C
1137803,G
1139017,T
1139781,G
1143274,G
1143336,A
1143423,C
1143812,G
1146873,G
1147262,C
1149142,C
1149816,C
1151605,G
1154522,G
1155582,G
1156432,C
1157484,C
1157523,G
1158191,0
1160271,A
1160426,C
1160549,C
1160630,C
1161061,C
1161063,A
1161706,C
1162797,G
1163416,C
1164291,C
1166645,A
1168868,A
1169227,G
1169487,C
1172045,C
1172725,G
1172960,C
1175329,C
1177237,G
1177842,C
1179530,C
1179833,C
1180279,G
1181491,C
1181581,C
1181950,G
1183001,A
1183529,G
1185061,G
1185229,C
1185676,C
1185812,G
1185936,0
1186262,G
1186334,0
1188386,C
1190340,0
1191821,G
1192700,G
1193288,C
1193754,G
1194853,G
1196461,G
1196664,C
1198126,C
1199798,C
1199984,C
1203135,C
1204115,0
1204116,G
1204421,T
1205252,C
1205257,G
1205258,A
1205498,C
1205699,T
1205810,C
1205848,0
1205921,C
1205932,T
1205956,G
1206026,G
1206053,C
1206100,G
1206104,G
1206187,C
1206206,C
1206341,C
1206419,C
1207654,G
1210001,G
1214063,C
1214317,G
1214326,C
1216175,G
1216239,G
1216243,C
1217336,G
1218570,G
1218635,G
1219022,C
1219026,C
1219170,C
1219243,A
1219280,A
1219290,C
1220100,C
1223294,C
1225206,C
1225568,T
1227051,G
1227103,C
1227631,A
1228087,C
1229074,C
1231174,G
1232532,C
1233140,G
1233367,G
1233600,C
1235396,G
1235403,G
1237129,C
1238652,C
1239117,A
1240343,C
1240892,A
1244392,C
1246009,C
1247989,C
1248109,G
1250966,C
1252020,C
1253243,C
1254751,C
1254754,C
1256039,C
1256198,G
1257185,C
1257306,G
1257639,C
1261216,C
1262010,T
1265267,G
1269831,C
1270425,T
1271477,C
1271647,G
1271979,G
1275092,G
1275373,C
1277244,G
1277456,G
1277516,G
1277921,T
1278428,C
1279241,G
1280194,G
1282892,G
1284298,C
1287203,G
1290079,G
1290256,G
1290820,C
1291018,G
1292039,A
1295083,T
1295192,A
1295353,C
1300774,G
1304103,C
1304237,C
1304902,G
1305482,C
1306144,0
1306182,C
1306583,G
1307216,C
1309422,C
1313204,C
1315016,C
1315150,C
1315919,T
1316222,A
1320784,C
1321648,G
1321662,C
1324009,G
1324965,C
1325397,C
1326594,T
1329459,C
1329945,G
1332100,C
1336929,G
1338450,C
1338518,G
1339813,T
1341224,T
1341394,C
1343119,C
1347131,T
1348056,C
1348277,G
1348383,T
1348426,C
1349308,G
1350890,C
1351149,G
1351316,C
1352731,G
1354142,G
1355211,G
1355640,G
1358191,G
1358939,T
1366492,C
1368008,T
1368593,G
1368608,G
1370180,C
1372632,G
1373666,C
1374169,G
1374268,G
1374547,G
1374638,G
1374909,T
1376454,G
1377177,C
1377178,A
1377420,G
1378708,C
1381437,A
1383290,G
1386059,G
1388412,C
1388745,G
1391032,G
1391804,G
1393203,G
1393702,G
1393789,G
1396948,G
1397393,0
1399818,G
1402551,A
1403585,A
1404153,C
1406715,C
1409587,G
1413376,G
1414665,1
1417960,C
1419580,C
1419986,C
1420170,C
1420874,C
1421211,G
1423311,G
1423393,A
1425703,A
1427469,0
1427579,C
1427684,G
1430562,G
1430602,G
1431195,G
1432847,G
1435812,C
1436917,G
1437154,G
1440815,A
1441117,T
1442144,T
1442832,G
1443409,G
1443712,C
1445448,C
1446805,G
1450157,C
1450627,G
1450750,G
1450888,G
1452437,G
1453339,G
1454340,G
1455299,C
1457089,0
1458303,G
1459453,C
1461258,G
1461460,0
1462261,C
1464236,C
1466041,C
1469140,C
1472325,G
1472366,C
1473646,T
1475246,T
1475671,A
1476518,0
1477107,T
1477620,G
1477963,0
1479960,G
1481100,T
1481751,C
1482581,C
1482886,G
1484682,G
1485095,G
1485320,C
1486152,A
1487737,C
1488923,G
1491430,G
1492900,T
1495083,G
1495286,C
1495320,G
1496564,G
1497876,G
1499386,T
1501508,G
1502817,G
1504691,C
1505177,C
1505487,C
1505545,C
1509070,G
1509131,G
1509564,C
1511671,G
1512218,C
1512744,G
1512793,C
1513284,C
1513544,C
1513602,C
1513780,C
1513803,G
1514160,G
1514223,C
1514417,C
1515860,C
1519111,G
1521064,G
1521281,0
1522161,C
1522513,C
1523534,C
1523629,C
1524667,C
1524866,A
1526285,0
1526442,G
1526811,T
1527043,A
1527053,G
1528801,C
1529088,G
1530418,C
1530446,G
1530718,A
1532011,G
1532074,C
1532258,G
1532344,G
1533280,G
1536055,G
1537025,A
1538575,A
1541444,C
1541833,A
1547467,G
1548260,G
1548338,G
1548554,G
1548639,G
1548641,C
1548866,G
1549043,C
1549135,G
1549169,C
1549170,C
1549232,A
1550809,C
1552528,G
1552530,A
1552533,T
1554200,G
1555969,G
1556439,G
1558579,C
1559856,G
1561250,C
1562495,C
1563171,C
1563310,G
1565157,G
1566431,G
1567904,G
1569043,C
1569201,G
1571622,G
1572227,C
1573882,C
1574649,G
1575600,C
1577024,G
1577902,G
1577989,0
1579019,G
1579109,G
1579426,C
1580884,C
1581156,0
1581388,G
1583578,0
1584133,G
1584226,T
1584281,G
1585800,A
1587096,G
1587625,0
1587950,T
1588112,G
1589405,G
1589513,C
1590857,0
1591062,C
1592706,C
1592790,G
1592965,T
1595198,0
1597680,G
1598388,0
1598423,C
1598483,G
1598523,A
1598566,A
1598740,G
1598840,G
1598908,C
1598960,C
1599002,C
1599004,C
1599008,C
1599016,C
1599017,T
1599022,A
1599084,0
1599160,0
1599380,C
1600049,A
1600434,T
1601902,C
1602127,A
1602656,C
1603065,C
1604320,A
1604361,C
1605912,0
1605920,A
1605926,0
1605956,G
1607255,C
1610660,G
1611250,G
1613333,T
1613377,G
1614069,C
1614647,C
1616690,G
1617520,G
1618096,G
1618995,G
1619055,T
1619071,C
1620009,G
1624427,C
1625032,G
1625045,G
1628936,C
1630453,G
1630518,T
1630725,C
1631178,C
1633391,G
1634769,G
1635769,C
1635967,G
1635969,G
1636365,C
1636534,T
1636666,C
1637525,T
1638724,C
1639508,C
1640098,C
1642850,C
1642875,G
1642947,G
1643162,C
1643272,1
1644880,C
1646081,G
1646086,C
1648776,G
1649184,G
1650641,G
1652968,T
1654303,C
1655090,T
1655871,C
1657373,G
1661291,C
1662501,C
1663586,G
1665261,C
1665902,G
1666251,G
1666788,G
1666994,C
1668130,C
1668813,C
1671198,G
1671842,A
1672212,G
1676807,G
1677493,C
1678758,G
1679768,A
1680012,G
1680148,C
1680956,G
1681807,C
1684231,C
1684746,G
1685361,0
1685544,0
1685900,G
1686348,C
1686996,A
1689543,T
1691767,A
1692166,G
1697145,A
1697615,G
1699046,G
1699548,G
1701578,C
1701590,C
1702043,C
1703568,G
1704410,A
1705077,A
1705816,G
1705881,G
1706314,G
1706535,C
1706540,G
1707357,G
1707739,T
1709868,C
1713172,G
1713535,A
1713888,G
1714787,G
1716822,0
1718011,C
1721295,C
1721529,G
1721630,G
1721950,G
1722731,C
1722952,C
1722982,G
1723598,A
1723743,C
1723952,G
1724622,C
1724850,G
1725797,C
1727539,C
1727559,0
1730876,C
1731359,C
1732457,C
1734697,G
1736618,A
1736886,0
1737055,C
1737904,C
1739651,C
1740274,T
1740331,G
1740552,G
1740863,T
1741674,0
1742814,G
1743010,G
1744410,G
1745996,C
1747415,C
1752705,C
1754494,G
1754954,C
1755233,C
1756856,A
1758390,T
1758747,C
1759431,C
1759651,G
1762243,T
1762382,C
1763208,C
1768470,G
1773448,G
1774061,C
1775753,G
1775844,C
1776235,G
1779293,G
1780390,C
1780420,C
1780456,T
1782198,G
1783048,C
1785100,G
1786547,G
1787399,C
1787551,G
1788877,G
1788943,G
1792555,A
1792670,A
1792967,C
1794901,0
1795080,G
1795888,C
1797211,C
1797300,T
1797365,G
1797379,0
1799966,C
1800299,A
1800807,T
1802987,C
1803024,C
1807634,G
1808331,G
1809184,C
1810742,C
1812660,C
1813428,0
1815089,A
1815643,A
1816961,G
1819543,G
1821055,G
1821106,G
1823005,G
1823107,G
1823128,A
1823140,G
1823151,G
1823302,C
1823500,C
1823578,T
1823613,0
1823619,G
1823649,C
1823671,A
1824123,G
1824148,G
1824318,C
1824444,G
1824462,A
1826735,G
1826759,G
1827351,C
1827789,C
1827911,0
1828126,A
1828793,0
1829437,G
1829704,T
1829725,C
1831474,G
1831923,C
1833909,G
1834456,C
1838669,C
1839270,A
1841268,C
1843283,A
1843649,C
1844160,C
1844335,G
1844748,G
1850647,G
1851119,G
1854466,C
1855059,T
1855210,G
1858060,0
1860137,G
1860321,0
1861120,G
1862237,G
1862548,C
1864594,C
1865527,G
1866972,G
1868993,G
1871085,G
1872033,C
1872428,G
1873733,G
1874740,G
1879355,A
1880180,C
1885234,G
1886221,G
1889027,T
1890243,G
1890244,C
1890364,T
1892076,C
1892559,C
1893654,G
1894738,G
1895123,C
1896223,G
1897187,C
1900006,G
1900227,C
1900555,G
1900827,G
1902730,G
1903673,G
1904373,G
1910405,C
1910870,G
1911082,G
1911289,C
1920611,A
1921299,G
1921815,G
1924039,T
1924059,G
1924097,G
1924140,0
1926696,T
1926909,C
1926948,C
1928719,A
1929998,C
1930080,G
1930413,C
1931970,G
1933778,T
1933895,A
1935401,G
1936664,C
1937233,G
1938619,G
1940329,G
1940719,C
1941699,T
1942617,G
1943188,G
1944319,C
1944362,C
1944887,G
1946114,A
1947401,G
1948743,C
1950291,A
1950308,G
1950691,0
1952987,C
1956538,C
1956575,G
1962036,C
1963524,G
1963836,C
1964037,G
1964274,0
1964422,T
1967497,G
1968342,G
1968831,G
1969688,C
1970335,G
1971193,G
1974638,C
1974673,C
1977147,T
1977878,A
1980047,0
1982773,0
1983101,A
1983102,C
1983106,A
1983606,C
1986084,C
1987171,C
1988831,G
1989988,G
1990699,C
1992257,G
1992477,A
1993415,G
1994237,C
1996633,C
1998872,G
2000695,G
2001902,G
2003124,C
2003490,G
2003590,G
2005374,C
2005615,G
2006018,A
2007300,G
2008372,G
2011747,T
2011750,C
2011824,G
2012977,A
2015320,G
2017391,G
2017943,A
2018620,G
2019996,C
2020396,G
2020721,A
2023404,A
2027550,C
2027769,G
2028535,C
2029217,C
2030097,G
2030803,G
2031830,G
2033094,T
2034022,G
2037548,G
2040521,G
2040883,G
2041351,C
2041494,T
2043197,G
2043287,G
2044448,C
2047765,T
2048890,G
2049869,G
2051791,T
2055222,T
2058051,0
2058556,C
2059735,C
2060909,C
2061910,G
2063944,G
2065194,C
2065488,G
2066263,T
2068592,C
2068669,C
2068909,G
2073473,G
2074399,G
2075505,G
2075714,0
2075959,C
2078232,T
2079518,0
2079831,C
2082311,G
2083652,A
2086135,C
2086969,G
2088761,G
2089181,C
2090355,G
2093618,C
2094112,G
2094305,T
2095490,C
2095800,G
2096406,C
2097873,C
2098862,A
2099415,G
2100523,G
2103438,0
2104127,C
2105674,T
2105745,C
2109150,C
2110433,G
2111627,C
2112830,G
2115263,C
2115264,A
2115793,A
2115815,C
2116013,G
2116040,C
2116146,G
2116305,C
2116424,C
2116451,T
2116505,G
2116529,0
2116580,C
2116669,C
2116718,A
2116779,C
2116827,T
2116829,G
2118142,A
2118275,C
2119007,G
2119365,G
2119392,A
2119468,T
2119639,G
2120873,C
2121126,C
2121305,C
2121378,C
2121898,G
2122206,G
2122352,C
2123779,G
2123869,C
2123920,G
2124175,G
2124300,G
2124808,A
2124975,G
2126601,G
2126781,T
2127362,G
2127363,C
2127770,0
2127823,A
2128571,G
2129477,C
2131753,G
2132052,G
2133294,0
2133509,0
2134695,0
2136331,C
2137189,G
2138711,G
2141005,G
2142011,0
2142058,G
2144253,G
2145237,G
2146772,C
2148356,G
2148809,G
2152117,T
2153275,T
2154646,C
2155013,G
2157242,G
2159412,C
2159529,0
2159925,0
2163954,0
2165386,G
2165927,C
2166535,A
2166647,G
2167319,G
2168173,G
2168287,C
2169165,T
2170547,C
2174865,C
2175587,C
2175970,C
2178328,C
2181587,A
2181893,A
2182111,C
2182349,C
2182647,G
2183936,G
2184897,G
2184965,T
2184984,G
2186579,G
2188686,C
2188747,C
2195239,G
2198651,G
2200103,C
2200732,C
2200962,C
2201792,C
2202139,T
2203382,C
2205779,0
2206360,T
2206639,G
2206714,C
2207077,C
2207236,G
2207245,G
2211668,C
2211942,C
2212267,G
2212536,G
2214348,A
2214645,G
2215739,G
2216991,0
2217277,C
2217970,G
2218521,T
2219070,G
2219155,G
2219757,A
2220113,C
2224340,C
2224536,C
2230788,G
2230820,C
2232043,C
2234495,C
2234720,C
2235048,C
2235172,C
2236481,0
2236767,0
2238117,C
2238191,G
2238472,C
2238662,C
2238680,G
2239127,T
2239468,C
2251007,G
2254419,G
2254583,T
2262702,G
2263547,G
2263602,0
2264148,C
2265716,G
2268391,A
2269376,G
2269401,G
2269447,G
2269690,G
2269824,G
2269826,A
2270815,G
2271752,A
2272122,C
2272342,T
2272449,C
2272951,C
2274434,C
2274765,C
2275439,G
2275440,A
2275455,G
2275463,C
2275508,G
2275512,C
2275921,C
2276208,G
2276294,G
2276651,C
2276655,G
2278551,C
2278780,C
2279187,C
2279798,0
2283226,T
2284675,C
2287295,G
2288705,G
2289728,G
2292331,G
2293008,C
2298949,C
2299577,A
2302177,G
2306782,C
2306998,C
2307780,C
2308594,A
2311044,G
2312059,C
2315081,G
2315582,T
2316170,G
2316360,G
2317492,C
2317622,C
2317784,T
2317831,C
2317911,G
2319554,G
2320316,C
2320540,G
2322095,C
2322393,0
2322490,G
2324509,C
2326714,C
2327454,T
2328525,G
2328799,G
2331520,G
2331588,G
2332176,G
2333779,C
2338977,C
2339095,C
2339217,C
2344305,G
2344787,G
2345191,T
2345732,G
2345803,C
2347173,T
2347320,G
2347504,A
2347591,0
2349067,G
2351523,A
2352947,G
2356697,T
2360921,G
2362361,A
2363369,T
2366829,G
2367360,G
2368085,G
2368493,G
2368720,G
2370349,G
2370912,C
2372112,C
2372418,G
2372491,C
2372721,C
2373753,G
2376085,G
2376631,0
2377771,G
2378341,G
2378802,G
2381779,C
2382085,G
2384195,C
2386469,C
2387115,G
2388071,G
2389287,C
2395657,G
2395822,G
2396326,C
2397601,G
2398086,G
2398768,0
2400652,C
2401543,C
2402139,C
2402997,G
2403054,G
2403643,C
2403853,A
2406425,T
2407473,C
2407516,C
2408447,G
2408840,C
2409175,0
2412858,G
2414869,C
2414981,1
2416227,C
2416536,1
2416605,G
2416769,A
2417069,C
2419201,C
2419677,T
2420126,G
2422007,C
2422862,C
2423927,G
2425993,T
2425995,T
2427364,C
2427412,C
2427443,C
2429300,T
2429792,T
2429821,G
2429864,C
2431849,1
2433268,G
2433329,G
2436784,C
2437853,T
2438226,G
2438827,A
2439366,G
2439595,G
2439726,C
2441339,C
2441881,G
2444740,G
2447312,C
2447621,C
2447980,A
2449864,T
2450703,0
2450951,C
2451917,C
2456545,G
2457082,G
2457978,C
2459760,G
2459766,A
2460095,G
2460211,0
2460215,G
2460533,G
2462051,C
2463848,G
2464064,C
2467763,G
2468130,C
2468622,T
2472049,G
2472818,A
2478932,G
2483560,0
2483907,0
2484242,C
2485821,G
2485841,G
2488887,C
2490097,G
2490943,G
2494215,T
2494341,0
2495453,G
2495686,T
2495954,G
2498059,C
2498281,C
2498354,G
2498455,C
2499090,G
2500299,C
2501116,C
2503289,A
2506063,C
2507976,G
2509206,C
2509624,G
2510735,G
2510853,G
2512037,A
2512159,G
2513400,G
2513671,0
2514213,G
2514965,A
2517097,T
2517282,T
2517350,C
2518840,G
2519447,C
2519784,C
2521135,G
2521778,G
2522675,0
2523524,C
2523711,G
2525948,C
2527082,G
2530222,G
2530649,C
2531394,C
2531544,C
2533820,C
2535269,G
2536090,G
2536266,C
2536347,G
2536962,G
2537727,C
2539154,C
2542188,A
2542191,0
2542313,G
2543079,C
2543084,A
2543936,G
2546077,G
2546170,C
2547103,0
2548109,A
2548300,C
2548729,C
2550032,G
2551216,G
2551434,0
2552116,C
2552747,C
2553176,G
2553774,G
2553944,0
2554252,G
2555060,G
2555453,C
2555810,G
2555923,G
2556538,G
2556701,G
2558686,G
2559921,G
2560781,T
2561800,C
2562238,G
2562328,0
2562388,0
2562756,G
2563750,G
2565615,C
2567003,C
2567248,1
2570925,C
2571583,G
2572072,G
2572529,T
2572708,0
2573449,G
2573743,G
2574004,C
2574108,T
2574284,C
2574596,G
2575511,T
2575956,G
2576283,0
2576853,G
2578333,C
2578827,G
2581866,T
2581920,G
2582189,T
2582322,C
2584343,C
2587051,C
2591427,C
2593808,G
2594098,C
2596867,G
2597711,G
2597813,C
2603327,C
2603956,G
2607277,C
2609069,G
2616930,C
2619119,C
2619127,G
2621590,G
2622952,0
2623016,C
2623440,C
2623640,G
2623960,A
2625283,C
2629846,0
2629972,C
2631775,G
2632077,G
2632374,C
2633249,C
2634497,0
2634931,G
2638726,C
2640295,C
2641194,G
2641647,C
2645244,G
2646322,G
2646662,C
2646699,A
2647177,G
2649043,C
2649677,G
2649949,G
2650240,A
2650853,G
2652828,G
2654119,C
2658494,C
2660342,G
2660408,G
2661084,C
2662629,C
2664632,G
2664695,T
2664776,G
2665671,C
2665703,G
2666554,G
2667677,G
2668673,A
2668679,T
2668771,G
2668847,C
2669071,G
2669540,A
2672257,A
2672637,T
2673557,G
2674917,C
2675649,C
2678287,G
2681117,0
2682294,C
2684275,C
2686176,G
2687402,C
2688830,C
2689259,G
2689587,G
2690474,0
2690899,G
2691121,G
2691476,G
2696779,G
2701788,C
2703473,G
2704470,G
2705830,C
2706236,G
2707478,G
2708304,0
2709172,C
2709401,T
2710194,A
2710302,G
2710423,G
2711942,T
2712197,G
2714879,T
2717037,C
2717118,C
2717888,A
2718354,G
2718433,0
2720482,C
2721297,G
2724389,G
2725896,G
2725968,C
2725996,0
2726050,0
2726052,0
2726059,0
2726121,C
2726930,G
2727296,G
2727651,C
2728267,C
2730961,G
2731381,0
2731478,G
2731686,T
2732377,C
2733216,C
2735875,G
2736012,T
2737095,G
2737436,C
2738087,C
2738813,C
2738900,G
2740225,C
2740652,C
2740755,G
2745079,A
2747838,0
2751496,G
2751783,A
2754215,C
2757405,0
2760367,C
2760404,G
2760447,G
2771025,0
2772122,0
2773466,0
2774057,G
2775050,G
2775723,T
2776078,G
2776147,C
2777727,C
2780145,G
2780953,G
2781723,G
2781728,G
2782332,C
2784324,A
2786909,C
2789253,G
2789815,G
2792939,C
2798477,G
2801445,G
2803181,A
2803787,G
2804451,A
2804726,C
2804885,G
2805348,G
2806821,C
2807979,C
2809105,G
2809785,C
2810868,C
2812642,G
2815502,C
2815676,G
2817799,G
2818497,G
2818521,C
2820651,G
2820654,C
2820655,T
2820656,G
2822967,A
2823832,0
2825422,C
2826131,G
2827271,C
2828495,C
2829367,C
2829906,C
2831723,T
2836587,T
2836588,T
2838887,C
2840165,C
2840862,0
2841192,C
2844968,G
2845168,C
2850226,C
2851461,C
2851579,G
2851713,C
2854570,G
2855182,G
2855821,G
2855947,C
2856500,T
2856679,C
2860248,T
2860582,G
2863106,C
2863642,G
2866817,C
2867052,G
2867642,G
2867851,C
2869871,A
2870763,G
2871947,G
2872026,G
2872203,C
2878040,A
2878485,G
2879598,A
2880896,C
2881650,C
2887353,0
2888080,C
2889957,G
2890313,C
2891138,G
2891256,G
2891530,G
2891700,A
2891869,G
2892788,G
2895502,C
2896740,G
2899295,C
2899577,G
2899715,T
2900276,C
2901641,G
2901714,G
2902257,C
2902314,C
2904369,G
2906377,C
2909350,A
2910071,G
2912402,G
2912632,C
2913149,G
2913396,G
2913441,C
2914614,A
2915098,0
2920676,C
2921353,C
2921507,0
2921632,G
2921694,T
2924106,A
2924808,C
2924859,C
2925514,C
2926565,C
2926722,G
2927083,C
2927102,G
2927187,G
2927205,G
2930072,A
2930363,C
2930507,C
2931202,C
2931257,C
2932054,0
2934067,G
2935685,A
2935954,0
2936401,G
2938733,C
2939855,0
2940623,G
2943033,G
2944546,0
2945700,C
2946021,G
2948105,1
2949269,G
2950137,A
2950529,C
2950563,G
2952411,G
2954540,0
2955901,T
2956317,C
2957254,C
2957971,G
2960680,C
2963977,T
2964999,C
2965921,G
2969119,C
2970026,C
2970425,C
2970579,C
2972847,G
2977121,C
2977226,T
2977229,T
2978374,C
2978507,G
2978799,G
2979682,T
2979916,G
2981212,G
2981377,C
2983776,G
2987190,G
2989514,G
2989976,C
2990150,C
2990918,C
2992340,T
2995776,0
2997476,G
2998017,C
2998109,C
2998179,G
2998686,A
2999372,G
2999976,C
3001899,0
3002428,C
3005207,C
3005681,G
3005741,G
3007670,T
3008043,C
3008360,C
3008941,C
3009181,G
3009823,G
3009987,G
3010945,G
3011122,C
3011418,G
3012247,C
3013762,C
3015988,C
3016175,C
3016895,A
3017804,G
3018975,G
3019188,C
3020036,T
3021250,G
3022315,G
3023991,G
3024082,G
3024249,G
3024336,C
3024730,G
3026300,C
3026376,G
3027662,G
3029333,C
3029450,G
3029804,0
3030632,T
3030727,C
3030802,C
3031870,G
3032858,G
3034343,A
3037783,C
3038605,C
3039197,T
3039310,C
3039509,A
3039755,A
3040868,G
3041550,0
3043758,C
3045347,C
3047105,T
3047644,A
3048201,G
3050544,C
3051065,C
3051292,C
3054016,C
3054954,G
3057114,G
3057124,A
3057161,T
3057191,0
3057870,C
3058277,G
3059634,G
3059918,A
3062024,T
3063245,0
3068704,G
3069575,G
3070616,C
3071012,0
3071352,A
3072035,T
3074950,0
3075458,C
3075776,C
3076050,G
3076110,G
3080694,C
3082353,G
3085193,G
3086507,T
3090636,C
3090640,C
3090722,A
3090906,G
3093876,A
3095327,G
3095361,T
3095601,T
3096072,G
3096477,G
3096969,C
3097168,G
3097403,G
3099556,C
3100797,G
3100920,G
3101129,C
3101554,G
3102548,G
3102778,A
3103147,G
3103229,C
3104142,G
3104486,C
3104552,G
3105757,G
3106332,G
3106502,0
3107472,0
3108130,T
3109982,G
3110631,G
3110858,T
3112924,G
3113891,A
3116730,0
3117348,G
3118984,G
3120057,T
3120966,T
3121829,G
3121982,C
3123507,C
3124475,C
3126730,C
3126760,C
3127552,C
3127994,C
3131795,T
3132639,G
3133744,G
3133836,G
3134278,G
3137320,C
3138490,G
3138592,G
3139593,G
3140183,G
3142179,G
3143619,G
3146550,G
3146655,A
3148817,G
3149323,G
3150703,G
3152531,G
3152586,C
3154514,C
3157093,T
3157666,G
3159208,C
3159732,C
3160051,G
3161096,0
3162040,C
3165426,T
3166984,C
3167412,C
3171910,C
3172543,G
3174359,C
3175296,C
3175318,T
3175706,0
3176737,T
3177224,0
3177411,C
3177698,C
3179137,C
3180137,T
3180456,C
3182112,T
3182203,G
3183835,C
3184305,C
3186280,C
3187164,C
3187492,C
3188090,C
3189772,G
3189999,C
3190542,G
3191237,C
3191340,G
3191366,G
3191638,C
3192186,0
3192594,G
3193208,C
3194105,G
3196669,A
3197135,C
3201250,A
3202101,0
3202695,A
3203925,G
3204135,G
3208467,C
3209115,A
3209198,A
3210192,C
3210280,C
3211048,C
3211162,C
3211438,C
3212353,G
3212666,C
3214328,A
3215290,C
3215535,G
3215779,G
3216212,C
3216290,C
3217941,G
3219733,C
3219989,0
3220028,A
3220062,0
3220147,G
3223166,C
3223758,G
3224351,C
3224891,G
3224919,0
3225420,C
3225435,T
3225640,C
3226274,T
3226394,G
3226780,G
3228985,C
3230822,G
3232232,C
3232317,G
3234517,G
3235177,G
3235179,A
3235880,T
3236211,G
3236238,G
3236296,T
3236317,G
3236707,C
3237133,C
3238806,C
3238891,C
3239038,G
3240069,G
3240111,G
3240327,C
3240476,C
3240593,G
3241125,G
3241182,G
3243059,0
3243416,C
3243595,G
3243610,G
3243611,A
3243612,A
3243613,A
3243614,A
3243648,C
3243658,0
3243731,A
3244382,A
3244445,G
3244458,G
3244471,0
3244559,G
3245234,C
3246122,C
3246288,C
3247123,G
3248325,C
3248674,T
3250524,A
3250819,C
3252519,T
3253079,C
3254219,C
3254358,C
3254643,C
3254860,C
3254880,C
3254905,C
3254973,C
3255088,C
3255870,A
3256240,C
3256572,C
3256677,A
3256991,C
3257070,G
3257087,G
3257133,G
3257718,G
3257810,C
3257843,0
3258006,G
3258245,C
3258639,C
3258645,A
3258764,C
3258858,C
3259018,G
3259494,C
3259659,C
3259775,G
3259791,G
3260610,C
3260614,C
3261005,C
3261297,G
3261316,G
3261758,G
3261786,C
3261811,G
3261824,C
3262000,C
3262657,T
3263442,T
3263569,G
3263810,G
3264361,G
3264617,C
3264829,C
3265004,C
3265026,C
3265157,G
3265401,G
3265736,G
3265832,G
3265883,G
3266842,C
3266977,T
3267537,A
3267576,G
3267618,A
3267975,G
3267980,A
3268009,G
3268175,G
,
,
